{"count":1,"self":20.034072,"total":31.326213,"children":{"AgentSendState":{"count":9801,"self":0.39242499999999997,"total":0.81324699999999994,"children":{"CollectObservations":{"count":1961,"self":0.15789899999999998,"total":0.15789899999999998,"children":null},"CollectDiscreteActionMasks":{"count":1961,"self":0.030390999999999998,"total":0.030390999999999998,"children":null},"AgentInfo.ToProto":{"count":1961,"self":0.078767999999999991,"total":0.232532,"children":{"GenerateSensorData":{"count":1961,"self":0.15376399999999998,"total":0.15376399999999998,"children":null}}}}},"DecideAction":{"count":9801,"self":10.2127512,"total":10.212750999999999,"children":null},"AgentAct":{"count":9801,"self":0.262911,"total":0.264831,"children":{"AgentInfo.ToProto":{"count":18,"self":0.000824,"total":0.0019199999999999998,"children":{"GenerateSensorData":{"count":18,"self":0.001096,"total":0.001096,"children":null}}}}}},"gauges":{"Flip.CumulativeReward":{"count":18,"max":-10.4000034,"min":-10.5000038,"runningAverage":-10.4333363,"value":-10.5000038,"weightedAverage":-10.4430037}},"metadata":{"timer_format_version":"0.1.0","start_time_seconds":"1590724891","unity_version":"2019.3.14f1","command_line_arguments":"\/Applications\/Unity\/Hub\/Editor\/2019.3.14f1\/Unity.app\/Contents\/MacOS\/Unity -projectpath \/Users\/williewu\/Developer\/super-table-flip -useHub -hubIPC -cloudEnvironment production -hubSessionId 1c207a40-a144-11ea-a476-53df846699a3 -accessToken 6Ma650azSc4kZXkrwzrg9uPkub6TCJOz0O2s_h7a_CI001f","communication_protocol_version":"1.0.0","com.unity.ml-agents_version":"1.0.2-preview","scene_name":"Office","end_time_seconds":"1590724923"}}